John Smith;125839
Amy Johnson;734562
David Williams;987645
Emily Brown;348219
Michael Davis;526740
Sarah Jones;613987
Matthew Taylor;892154
Sophia Miller;410586
Christopher Anderson;753892
Olivia Thomas;629481
Daniel Martinez;835924
Emma Clark;216475
Andrew Rodriguez;503178
Isabella Hall;967413
Joshua Lewis;302156
Elizabeth Walker;486529
Joseph Hill;591378
Ava Green;742195
William Adams;681425
Mia Turner;954362
Alexander Baker;719826
Natalie Wilson;865913
Ethan Thompson;473621
Samantha Garcia;328759
Benjamin Young;597364
Grace Hernandez;631258
Robert Martin;981752A
Jennifer Taylor;175983
Charles Wilson;846215
Jessica Garcia;628174
Daniel Brown;157849
Sarah Martinez;365297
James Thompson;821475
Amanda Davis;984163
Matthew Clark;315298
Ashley Johnson;857946
Christopher Smith;426589
Emily Anderson;719865
Joshua Walker;536972
Sophia Williams;861594
Jacob Martinez;295618
Isabella Hernandez;683972
Michael Davis;152789
Olivia Johnson;746215
William Smith;835926
Emma Anderson;462195
Andrew Wilson;621975
Natalie Thompson;952841
Joseph Taylor;679582
Elizabeth Brown;713259
Alexander Miller;295816
Mia Davis;841529
Daniel Anderson;596821
Samantha Garcia;361759
Benjamin Clark;925418
Grace Hernandez;576192
